{"lr-AdamW": 8.111114613296182e-12, "trainer/global_step": 7800, "_timestamp": 1723622829.7484453, "_runtime": 8995.91932630539, "_step": 363, "train/loss": 0.02414734661579132, "epoch": 48, "val/gt_cost": 5.79137771266131, "val/2opt_iterations": 8.0, "val/merge_iterations": 755.25, "val/solved_cost": 5.93857805126202, "test/gt_cost": 5.696016784230185, "test/2opt_iterations": 7.364699840545654, "test/merge_iterations": 894.6856, "test/solved_cost": 5.835652552116016, "_wandb": {"runtime": 8995}}